language,total_repos,top_repo_name,top_repo_stars,top_repo_url,snapshot_date,share_pct,trend,is_surge
Python,154719,NousResearch/hermes-agent,251616,https://github.com/NousResearch/hermes-agent,2026-10-06,43.1,rising,YES
TypeScript,70437,openclaw/openclaw,391504,https://github.com/openclaw/openclaw,2026-10-06,19.62,rising,YES
JavaScript,42817,affaan-m/ECC,274072,https://github.com/affaan-m/ECC,2026-10-06,11.93,rising,YES
Rust,24015,ultraworkers/claw-code,195208,https://github.com/ultraworkers/claw-code,2026-10-06,6.69,rising,YES
C++,20957,LadybirdBrowser/ladybird,66429,https://github.com/LadybirdBrowser/ladybird,2026-10-06,5.84,rising,YES
Go,18884,JuliusBrussee/caveman,110144,https://github.com/JuliusBrussee/caveman,2026-10-06,5.26,rising,YES
Java,11328,opendataloader-project/opendataloader-pdf,29481,https://github.com/opendataloader-project/opendataloader-pdf,2026-10-06,3.16,rising,YES
Kotlin,8330,librepods-org/librepods,30160,https://github.com/librepods-org/librepods,2026-10-06,2.32,rising,YES
Swift,7453,apple/container,50527,https://github.com/apple/container,2026-10-06,2.08,rising,YES
